placeName,state,image
Vivero Espacios Verdes Cancún,quintanaroo,Vivero_Espacios_Verdes_Cancun_3.jpg
Vivero Las Palmas Cancun,quintanaroo,VIVERO_LAS_PALMAS_CANCUN_2.jpg
Vivero Flor Del Desierto,quintanaroo,Vivero_Flor_Del_Desierto_0.jpg
Viveros Jard-dinn,quintanaroo,Viveros_Jard-Dinn_31.jpg
Flores De Chiltepec S.a De C.v Sucursal Cancún,quintanaroo,Flores_de_Chiltepec_S.A_de_C.V_Sucursal_Cancun_59.jpg
Vivero All Green,quintanaroo,VIVERO_ALL_GREEN_9.jpg
Vivero Las Lomas,quintanaroo,Vivero_Las_Lomas_19.jpg
Vivero El Centauro,quintanaroo,Vivero_El_Centauro_42.jpg
El Semillero De Danny,quintanaroo,El_Semillero_de_Danny_53.jpg
Cactuseria-cactus Y Suculentas,quintanaroo,Cactuseria-Cactus_y_Suculentas_35.jpg
"Plantas, Rosales Y Maceteros",quintanaroo,"Plantas,_Rosales_y_Maceteros_23.jpg"
Plantando.mx,quintanaroo,Plantando.mx_47.jpg
Vivércity - Vivero En Cancún,quintanaroo,Vivercity_-_Vivero_en_Cancun_64.jpg
El Jardin De La Lagartija,quintanaroo,El_Jardin_de_la_Lagartija_13.jpg
Vivero La Tierra De Los Ents,quintanaroo,Vivero_la_tierra_de_los_ents_38.jpg